strategy,dataset,model,ratio,iteration,mIoU,aAcc,fwIoU,num_images,timestamp,mIoU_clear_day,mIoU_cloudy,mIoU_dawn_dusk,mIoU_foggy,mIoU_night,mIoU_rainy,mIoU_snowy,best_mIoU,is_best
gen_LANIT,idd-aw,deeplabv3plus_r50,0.0,10000,39.802585831863034,91.43810722814585,85.66754574306421,2928,20260104_223529,41.56862001008743,37.937039959063526,17.699722086195997,25.926960117294023,21.077682851222235,27.159025558517836,25.314332737636647,70.444849993163,False
gen_LANIT,idd-aw,deeplabv3plus_r50,0.0,20000,51.675772320272515,94.29228440599523,90.05633873061343,2928,20260104_223827,52.173144429102294,51.88344889623251,26.58776984189169,45.01240331634533,30.89114916446104,38.491677368460955,33.78849657303448,70.444849993163,False
gen_LANIT,idd-aw,deeplabv3plus_r50,0.0,30000,55.865957304984605,95.58238610130525,92.1447373041491,2928,20260104_224126,56.694742325715886,55.486270846400956,36.68473274295803,46.14534537527746,37.698830120167756,47.03492117163789,34.417811914534,70.444849993163,False
gen_LANIT,idd-aw,deeplabv3plus_r50,0.0,40000,61.27775152207449,96.31362429461629,93.40624639324146,2928,20260104_224426,61.75160072280743,64.48066493683386,49.20058611637603,56.985861321652706,44.48021558511774,51.59489784268073,42.23536235594799,70.444849993163,False
gen_LANIT,idd-aw,deeplabv3plus_r50,0.0,50000,57.41085900805061,95.66496179437857,92.65339494158816,2928,20260104_224724,57.801078106679384,58.42300417581684,42.99396195396478,53.29355584179724,44.99429313065478,46.3824875149396,40.95530567252893,70.444849993163,False
gen_LANIT,idd-aw,deeplabv3plus_r50,0.0,60000,66.1552850790507,97.23892308876866,95.06268766124498,2928,20260104_225018,65.77862319475936,69.04533239602819,54.47328220437269,64.3028956101246,56.63605816307194,56.64817704539327,49.363370193733836,70.444849993163,False
gen_LANIT,idd-aw,deeplabv3plus_r50,0.0,70000,69.30756074495477,97.66304885804729,95.73771684464876,2928,20260104_225258,69.1775691595901,71.69798989093722,60.064328044659845,68.44636640117213,59.15118947755176,57.70054913303538,54.97057755791337,70.444849993163,False
gen_LANIT,idd-aw,deeplabv3plus_r50,0.0,80000,70.444849993163,97.84345705226023,96.03022199332118,2928,20260104_225554,70.26500322361748,72.7054828854049,60.238649709303836,69.62155969517983,59.415645758385615,62.059689718675436,55.18530239755982,70.444849993163,True
gen_LANIT,idd-aw,deeplabv3plus_r50,0.12,10000,42.941321217615084,91.32729456957846,84.84059768622731,2928,20260104_223429,47.06313775540592,32.588669524560544,18.90241163038994,26.03752230657581,19.464746211087576,29.214275792884735,28.36959176778034,72.23279997908168,False
gen_LANIT,idd-aw,deeplabv3plus_r50,0.12,20000,56.11303726305159,95.26461965202331,91.76499895567699,2928,20260104_223743,57.01173182480199,56.21451999682472,33.63906545822312,45.45597297168303,42.88895493321777,43.311569431841534,33.66212509048771,72.23279997908168,False
gen_LANIT,idd-aw,deeplabv3plus_r50,0.12,30000,60.582448586205494,96.36408396937313,93.46879194066324,2928,20260104_224043,60.95787186477003,60.93924291294728,44.20788162902356,52.7076416206262,43.4370378269492,50.950484166618196,40.3962970121042,72.23279997908168,False
gen_LANIT,idd-aw,deeplabv3plus_r50,0.12,40000,63.52116800723171,96.77252658964257,94.12304191280147,2928,20260104_224341,63.00315137233214,66.36364859531227,55.50898116330485,61.66644684469931,53.86615613414734,53.95991859572112,44.268708930324,72.23279997908168,False
gen_LANIT,idd-aw,deeplabv3plus_r50,0.12,50000,63.48019578759032,96.73893962010123,94.19194040681366,2928,20260104_224650,62.803090855785925,65.91432569650863,49.390944719909896,60.096693707494,51.08580676016925,53.44756651302951,51.21774467493789,72.23279997908168,False
gen_LANIT,idd-aw,deeplabv3plus_r50,0.12,60000,69.34298167037072,97.75247899389935,95.91993999241829,2928,20260104_224951,68.44846770270792,71.63128411212423,59.576449584521725,69.1283954568676,60.54895546326213,60.99892765323529,56.25116498983633,72.23279997908168,False
gen_LANIT,idd-aw,deeplabv3plus_r50,0.12,70000,70.4971556760292,97.8874036568807,96.11894331026399,2928,20260104_225252,69.96513702087566,72.68684060974022,63.85648175721717,70.05379227054956,62.81098094920807,61.316926967597475,57.1234809566128,72.23279997908168,False
gen_LANIT,idd-aw,deeplabv3plus_r50,0.12,80000,72.23279997908168,98.11360126820686,96.49925045090508,2928,20260104_225552,71.67888212360967,74.28251689451238,64.21670515913065,71.79478635929226,65.53300302990912,65.30612245240326,57.030629256435276,72.23279997908168,True
gen_LANIT,idd-aw,deeplabv3plus_r50,0.25,10000,44.67445554033191,93.0190709101202,88.04657764486473,2928,20260104_223329,46.51256245113126,42.93137985520309,25.137399081462313,31.95257475333404,28.747103995379327,33.10927971264363,27.953542866751324,71.04175202421412,False
gen_LANIT,idd-aw,deeplabv3plus_r50,0.25,20000,54.05922929116564,94.84297345767729,90.99436880317066,2928,20260104_224434,54.695427741436006,55.88972525364857,30.452384905480212,44.861431988163666,33.576984970280655,38.27839951605683,33.01692969355634,71.04175202421412,False
gen_LANIT,idd-aw,deeplabv3plus_r50,0.25,30000,60.31215882834615,96.23686992975095,93.26504537304223,2928,20260104_225547,60.57165630691246,61.09877604923996,44.566712514931936,53.10282972428701,44.4897607465631,48.86748046084517,40.08409601244731,71.04175202421412,False
gen_LANIT,idd-aw,deeplabv3plus_r50,0.25,40000,61.050719754274496,96.34021037601397,93.47744772912048,2928,20260104_230751,61.405690945881815,62.7294347705589,45.48584205372983,54.36265917861789,48.03109488443465,49.19615714113932,44.184512094225134,71.04175202421412,False
gen_LANIT,idd-aw,deeplabv3plus_r50,0.25,50000,65.7030678269088,97.19506695039748,94.9428768895267,2928,20260104_231944,65.63898443337226,65.52831446877619,57.83063570176425,57.97402636482728,58.39111747835203,57.56994671884389,50.24705527624328,71.04175202421412,False
gen_LANIT,idd-aw,deeplabv3plus_r50,0.25,60000,68.09089618907153,97.55339026892543,95.54595834013833,2928,20260104_233143,67.62069990189444,69.59913865863048,58.70733817632169,65.67858960163394,59.86365335799818,60.28825993363562,52.973648605643774,71.04175202421412,False
gen_LANIT,idd-aw,deeplabv3plus_r50,0.25,70000,69.68514762549773,97.76942067338229,95.90251838973265,2928,20260104_234323,69.29150996177945,71.82179256741905,60.76316643623054,67.8391631248451,60.71584626945803,59.96791233587436,56.48046972384433,71.04175202421412,False
gen_LANIT,idd-aw,deeplabv3plus_r50,0.25,80000,71.04175202421412,97.94453184378239,96.20044403416757,2928,20260104_235514,70.52696193811812,72.88114023884025,60.58680882274958,70.5812784000413,63.63881867119989,63.30797468868311,57.67756559044184,71.04175202421412,True
gen_LANIT,idd-aw,deeplabv3plus_r50,0.38,10000,52.253462653305036,94.52068219648955,90.35681729003328,2928,20260104_222736,51.667152979825936,50.53112762701901,38.7344266942797,42.72256261650509,39.78236664140915,44.34083365067507,34.014971061877,73.47220916081571,False
gen_LANIT,idd-aw,deeplabv3plus_r50,0.38,20000,60.71972377710391,96.31389669299126,93.44529866240383,2928,20260104_223756,60.8490630576493,61.79623588382164,47.48810489829266,53.83038304880987,48.49461730344131,48.61990145717435,40.934573622096615,73.47220916081571,False
gen_LANIT,idd-aw,deeplabv3plus_r50,0.38,30000,64.18598540923097,96.90573039463303,94.42801305254147,2928,20260104_224830,64.63755376422574,64.65679255095291,52.3730091570257,57.470121171257205,55.764070940224556,54.75242093952766,44.219942858860996,73.47220916081571,False
gen_LANIT,idd-aw,deeplabv3plus_r50,0.38,40000,65.89073838642223,97.11107778465549,94.77127377620754,2928,20260104_225823,66.26306190442833,67.79349213189863,56.56742655563567,60.30375607466196,54.88676065840882,56.23267042107554,43.7054514688363,73.47220916081571,False
gen_LANIT,idd-aw,deeplabv3plus_r50,0.38,50000,66.86202739554578,97.39732499297824,95.33814458203447,2928,20260104_230830,66.77648132814453,66.92418973980476,59.26810253134251,59.60563384435067,59.02983043788813,58.45474382751913,54.10201131223447,73.47220916081571,False
gen_LANIT,idd-aw,deeplabv3plus_r50,0.38,60000,70.68111703701369,97.90253751081815,96.17651048925505,2928,20260104_231903,70.06306617152012,72.90729895222078,62.60151576633135,69.76358528174582,63.0950744645842,63.55611166581801,55.866331737099394,73.47220916081571,False
gen_LANIT,idd-aw,deeplabv3plus_r50,0.38,70000,71.57560462525787,98.02747789868295,96.36918836592501,2928,20260104_232859,71.01293722687922,73.16823352660793,64.3514637985686,70.87597527413949,64.58609362867114,64.05421943300304,58.11617007101655,73.47220916081571,False
gen_LANIT,idd-aw,deeplabv3plus_r50,0.38,80000,73.47220916081571,98.271707782619,96.77729284104522,2928,20260104_233953,72.90244246081122,75.26635492746114,66.26883932945793,73.00630655693658,67.37764281175608,66.5616595024889,59.16790041502931,73.47220916081571,True
gen_LANIT,idd-aw,deeplabv3plus_r50,0.62,10000,49.68366359295814,93.87092410498953,89.59376250349847,2928,20260104_221659,50.78986595142094,48.54829494608055,32.10480792867912,40.949148074210186,35.990219552643566,34.9079750865245,30.323927459346223,71.97308028433744,False
gen_LANIT,idd-aw,deeplabv3plus_r50,0.62,20000,58.048859394756846,95.64218679116289,92.33174561295165,2928,20260104_222647,58.45049163239735,58.959548988800556,42.136789668036265,48.6022766856815,43.421349963604115,44.281334937010584,38.086846945201685,71.97308028433744,False
gen_LANIT,idd-aw,deeplabv3plus_r50,0.62,30000,60.629030977130725,96.32714924879402,93.43922057556246,2928,20260104_223715,61.66659791598184,62.07880848270002,44.8766723758519,51.077228919838326,45.04778185444288,48.97260270795593,41.64574361217418,71.97308028433744,False
gen_LANIT,idd-aw,deeplabv3plus_r50,0.62,40000,63.42169830068305,96.72648726576332,94.07258019338032,2928,20260104_224738,64.0247767643625,66.46683732000098,51.61683693763782,60.78873876199604,49.56761401315831,50.87691454532599,44.83130092913301,71.97308028433744,False
gen_LANIT,idd-aw,deeplabv3plus_r50,0.62,50000,64.1514248885426,96.80627349951418,94.44549858832059,2928,20260104_225729,63.758961431993995,66.99498585653116,52.63222458434924,61.748692825261585,58.19896609762305,54.01535663330543,50.18359145665362,71.97308028433744,False
gen_LANIT,idd-aw,deeplabv3plus_r50,0.62,60000,69.36147941226972,97.65591252043644,95.7422718355872,2928,20260104_230737,69.20039510869877,72.06180899147778,58.94838505951624,69.10085198100094,59.453406012196844,59.58992871489534,54.89201972034821,71.97308028433744,False
gen_LANIT,idd-aw,deeplabv3plus_r50,0.62,70000,70.41721615801397,97.82803580554184,95.9796498977287,2928,20260104_231745,70.04440343639263,72.22639286423048,60.864408028106155,68.97511405040876,60.11947255760005,62.1037165483471,57.479638877513906,71.97308028433744,False
gen_LANIT,idd-aw,deeplabv3plus_r50,0.62,80000,71.97308028433744,98.08568568281389,96.43981662887798,2928,20260104_232833,71.3914437243232,73.76133746475035,62.63222819658798,71.75942911434558,64.47518131715697,65.40856961788771,59.523166613408684,71.97308028433744,True
gen_LANIT,idd-aw,deeplabv3plus_r50,0.75,10000,42.55915070121291,91.7101952189187,86.1474135892664,2928,20260104_221242,44.342144812700305,40.26442286655072,21.337775476498564,30.43522030922067,28.181543081925405,28.484485544747827,29.33607397010396,70.08659047366734,False
gen_LANIT,idd-aw,deeplabv3plus_r50,0.75,20000,51.619509845932086,94.06930559381559,90.01490497259097,2928,20260104_222441,52.561046823103176,52.450250809528555,27.1517731718541,43.42011559240901,34.446572282825336,35.916276629968365,31.236068433236962,70.08659047366734,False
gen_LANIT,idd-aw,deeplabv3plus_r50,0.75,30000,53.06033105144641,94.805233537498,91.07501979966571,2928,20260104_223715,54.15611675744201,52.91133385982183,30.982650565086878,40.033316557023895,33.928655795696365,44.907784794435614,36.03356196315954,70.08659047366734,False
gen_LANIT,idd-aw,deeplabv3plus_r50,0.75,40000,59.39850847485106,96.02144979761675,92.89728251943869,2928,20260104_225007,59.831487350972054,60.66787207826876,41.683820688194,51.12503229777935,42.05486763032696,51.644200493279435,42.57913549645479,70.08659047366734,False
gen_LANIT,idd-aw,deeplabv3plus_r50,0.75,50000,62.85615320428472,96.79537706470158,94.29823683215098,2928,20260104_230149,63.58789424587277,62.94687065157611,50.80868146821811,51.64003795666401,50.285348596703905,53.70991431716101,45.93533028914401,70.08659047366734,False
gen_LANIT,idd-aw,deeplabv3plus_r50,0.75,60000,67.12881683183242,97.37544415617143,95.2734354443944,2928,20260104_231402,67.0781014086915,68.640193641,56.6805634921101,62.8016693782392,56.39927951308577,58.365226645524174,52.581047344755724,70.08659047366734,False
gen_LANIT,idd-aw,deeplabv3plus_r50,0.75,70000,69.32885195937249,97.66966638921184,95.72851623995416,2928,20260104_232546,69.0420310452464,72.11940753821929,59.77164165222326,69.12352066656271,57.20279592076783,59.50739864470459,56.51256267595861,70.08659047366734,False
gen_LANIT,idd-aw,deeplabv3plus_r50,0.75,80000,70.08659047366734,97.78527076011117,95.90781277383029,2928,20260104_233742,70.01623711136833,72.90616053909534,56.98837365874616,68.99675945320811,57.12211345604459,61.598489826671155,56.10924562824866,70.08659047366734,True
gen_LANIT,idd-aw,deeplabv3plus_r50,0.88,10000,44.92346269883577,92.50379914513393,87.50111425234918,2928,20260104_221135,48.09184888418364,42.51206029062336,22.971062189410755,32.855748787701536,29.743647987515537,23.707804429344588,30.319397695632578,71.1944078941445,False
gen_LANIT,idd-aw,deeplabv3plus_r50,0.88,20000,56.51300939941579,95.36392660308255,91.95876045086764,2928,20260104_221437,57.252166139207084,58.46067577727023,35.14099447952817,48.76467744200429,41.5014702934988,40.77900264443001,34.59907354314019,71.1944078941445,False
gen_LANIT,idd-aw,deeplabv3plus_r50,0.88,30000,58.839332118262156,96.02939533333603,92.99111607774435,2928,20260104_221740,58.67877661291665,60.4584637094794,41.71757920160415,50.88730720361646,43.293304954587356,49.928358520129144,40.09699434829887,71.1944078941445,False
gen_LANIT,idd-aw,deeplabv3plus_r50,0.88,40000,62.05289524299948,96.57787920771457,93.89265885495826,2928,20260104_222042,63.26313613449561,64.30431952679211,50.15169077438721,56.479742098009524,46.90657323239888,51.3443916100361,44.4971630897689,71.1944078941445,False
gen_LANIT,idd-aw,deeplabv3plus_r50,0.88,50000,58.86604534104097,95.8532695414658,93.02504601256837,2928,20260104_222345,59.40140953367641,61.020812732447126,41.29779189978623,52.88069257881691,44.12689020565317,48.48274728334409,41.306216572693124,71.1944078941445,False
gen_LANIT,idd-aw,deeplabv3plus_r50,0.88,60000,68.49579946864174,97.57359273189155,95.60519822736411,2928,20260104_222638,68.12093433176324,71.08318509773306,60.130389157648004,67.92968404959298,60.164930317212274,58.797613729579034,53.47089485300142,71.1944078941445,False
gen_LANIT,idd-aw,deeplabv3plus_r50,0.88,70000,69.96971696684707,97.80868902334262,95.9975291190163,2928,20260104_222935,69.74900943577272,72.29527830364822,61.1240775344026,69.625140055106,62.95184708047907,59.212693820866924,55.008685581083874,71.1944078941445,False
gen_LANIT,idd-aw,deeplabv3plus_r50,0.88,80000,71.1944078941445,97.95851612659607,96.23166152857851,2928,20260104_223232,70.83328724871383,73.34453923374791,60.78531880727462,70.12278145041478,63.16785739450681,63.744314292457204,55.89412727602494,71.1944078941445,True
gen_LANIT,idd-aw,pspnet_r50,0.0,10000,59.057984469984504,96.05353482749423,92.98164733003765,2928,20260104_221051,59.622313722878026,59.76338898671175,48.3025625312877,50.47490171191819,49.78054273978512,43.627160506823955,39.20358204384932,75.0483394431206,False
gen_LANIT,idd-aw,pspnet_r50,0.0,20000,64.24853496756415,96.8699037606545,94.34877037307119,2928,20260104_221350,64.11686830117979,66.23747440397855,53.61887587569289,58.936605468808146,54.485419394269876,54.48707647062573,44.39803542720338,75.0483394431206,False
gen_LANIT,idd-aw,pspnet_r50,0.0,30000,67.12453939061108,97.43711364882547,95.29802516113493,2928,20260104_221644,67.36910505568221,67.68588603038955,57.98303429787486,59.70310098386737,56.44415905023915,58.21724386379128,51.61100599078272,75.0483394431206,False
gen_LANIT,idd-aw,pspnet_r50,0.0,40000,67.949389932761,97.39576907345293,95.23428270958976,2928,20260104_221947,67.62309559698348,70.51784764497715,57.217250469469526,64.8058966816242,58.4731766503198,60.915187936175876,51.27059764533293,75.0483394431206,False
gen_LANIT,idd-aw,pspnet_r50,0.0,50000,67.77584888981313,97.37871493592529,95.26270823677368,2928,20260104_222242,67.10035855706245,70.3931120639453,57.5655376274071,67.37831356243757,60.337266980136974,60.06320225056487,54.93998465058567,75.0483394431206,False
gen_LANIT,idd-aw,pspnet_r50,0.0,60000,71.28256046706484,97.96917614960799,96.264424451878,2928,20260104_222537,70.7206934978557,73.18796318052081,63.21151741927351,70.69792343924813,64.85687159517327,63.558826689452964,55.37191178976142,75.0483394431206,False
gen_LANIT,idd-aw,pspnet_r50,0.0,70000,71.78161836027508,98.05182481545698,96.40945958076284,2928,20260104_222827,72.5392543338598,70.80984683833084,66.12321218674549,66.27827590628543,66.02409864796313,66.79418313983632,55.92166105462479,75.0483394431206,False
gen_LANIT,idd-aw,pspnet_r50,0.0,80000,75.0483394431206,98.34518636959515,96.91343016432229,2928,20260104_223131,76.12103215638497,74.14096388171241,67.52608525056094,71.87326163143612,69.13533987664044,67.92529429358947,60.682973943499775,75.0483394431206,True
gen_LANIT,idd-aw,pspnet_r50,0.12,10000,61.923564045245016,96.50568963983763,93.70217325152338,2928,20260104_220242,61.14917750162731,65.62035306202219,46.25480165697105,60.98418376075541,49.949176369399325,50.80647882435343,47.588925098797006,78.35056901663427,False
gen_LANIT,idd-aw,pspnet_r50,0.12,20000,64.60809709636457,96.8070861963173,94.31779514276153,2928,20260104_221507,65.00367079793126,68.2579949760787,54.76692183888324,63.01217221323216,53.657512073291144,52.69829035756744,39.49645216036875,78.35056901663427,False
gen_LANIT,idd-aw,pspnet_r50,0.12,30000,67.60098869152682,97.38447628650941,95.22162666907516,2928,20260104_222736,67.20875111274309,70.20129716047725,56.31592089091271,64.86503906957225,61.975612148808466,57.52006835778568,51.577409475766046,78.35056901663427,False
gen_LANIT,idd-aw,pspnet_r50,0.12,40000,68.90090055437452,97.55278149604337,95.5044065046292,2928,20260104_223951,68.95216068956678,69.73749099551819,61.216620581729146,63.34791507145583,62.64703187302545,62.019831628013996,51.72804025954546,78.35056901663427,False
gen_LANIT,idd-aw,pspnet_r50,0.12,50000,72.13608721565258,98.06464353311388,96.4213945553132,2928,20260104_225158,71.52431438913382,72.81830433537395,65.47870966485152,70.067154412061,66.64702772879696,66.29382857064441,61.51948539946097,78.35056901663427,False
gen_LANIT,idd-aw,pspnet_r50,0.12,60000,71.56886700379029,97.931269291709,96.22660880575505,2928,20260104_230522,71.96652308551012,72.7021469753546,62.743456383454685,70.78092036918315,65.08672837386035,64.10095117201266,58.10933580779226,78.35056901663427,False
gen_LANIT,idd-aw,pspnet_r50,0.12,70000,73.4524110810742,98.07433141880593,96.47329364392613,2928,20260104_231744,74.81870731138494,71.33303408033824,67.08210972307444,67.59418271706892,67.52672597855972,66.833088711093,57.64569773920514,78.35056901663427,False
gen_LANIT,idd-aw,pspnet_r50,0.12,80000,78.35056901663427,98.39545161688802,96.99634659488596,2928,20260104_233025,79.39941745137533,76.772280445993,69.12855212406764,75.7474609788238,71.38611267008513,68.6995785197175,66.16334146166037,78.35056901663427,True
gen_LANIT,idd-aw,pspnet_r50,0.25,10000,54.49494261002725,95.15434979095174,91.5714197405751,2928,20260104_215453,53.96378838262525,57.353299244701425,37.01570207284423,48.63082717002162,42.719157870936655,38.24313239539332,35.12276658710907,73.12161801207456,False
gen_LANIT,idd-aw,pspnet_r50,0.25,20000,60.61449050669568,96.07113826009362,93.08686623584475,2928,20260104_220516,60.750336493848046,62.52812849533797,42.38544553808092,53.39288736842448,49.03241829326837,49.513774431944434,39.424591474655124,73.12161801207456,False
gen_LANIT,idd-aw,pspnet_r50,0.25,30000,64.88138209878254,97.15941375171457,94.86061609110934,2928,20260104_221522,64.99146095425937,64.67326789085621,52.777424382169116,57.088361642580445,56.21535268080567,56.61168314830958,49.91572927307884,73.12161801207456,False
gen_LANIT,idd-aw,pspnet_r50,0.25,40000,66.66998191848549,97.18734133263233,94.8395080375639,2928,20260104_222600,66.67971442782296,69.48375955293413,57.26713948025983,65.07293708678083,59.36732394376993,54.53879538676411,50.40296148338048,73.12161801207456,False
gen_LANIT,idd-aw,pspnet_r50,0.25,50000,68.71549112145044,97.61503277164871,95.66023767913569,2928,20260104_223605,68.10455832141159,71.34246801113984,59.57792805788815,68.2338362589172,62.87317209106291,59.92144088064981,55.02924292689588,73.12161801207456,False
gen_LANIT,idd-aw,pspnet_r50,0.25,60000,65.82360310919879,97.21851670188144,95.02867094354053,2928,20260104_224623,65.8425310772964,66.83154507860328,55.16314647413802,59.3543803926891,57.123640184363836,55.16065170215276,48.7301410491409,73.12161801207456,False
gen_LANIT,idd-aw,pspnet_r50,0.25,70000,71.42775523164191,98.02885538477733,96.36685495385687,2928,20260104_225704,70.92085791007999,73.07349755225395,63.49584422176161,70.37293339698051,63.67017464247326,62.0926793225653,59.86219272220232,73.12161801207456,False
gen_LANIT,idd-aw,pspnet_r50,0.25,80000,73.12161801207456,98.21597807398005,96.6798425366726,2928,20260104_230652,72.90819655201311,74.60545476510293,64.90533164549946,72.79268886514944,67.27810634012134,66.40692242153298,57.85556797519499,73.12161801207456,True
gen_LANIT,idd-aw,pspnet_r50,0.38,10000,62.21665430291953,96.57043148627325,93.80487356868127,2928,20260104_214748,62.11174001712638,63.79840775188188,49.58764116324037,54.96909554091719,51.5798390899048,51.636238112691366,42.088401803433285,77.9007218077,False
gen_LANIT,idd-aw,pspnet_r50,0.38,20000,63.7219339644767,96.85031956702753,94.35574744633111,2928,20260104_215048,64.43278072123738,63.73350187406244,54.54099598801072,53.68441980512183,54.04295353350746,54.69596159338934,39.75640663707834,77.9007218077,False
gen_LANIT,idd-aw,pspnet_r50,0.38,30000,68.135975833418,97.56496395107396,95.54605289747644,2928,20260104_215345,67.71560383686473,69.13538589436993,58.00703592095577,64.08998292255595,60.34896745055747,60.27537238179548,53.998509665403226,77.9007218077,False
gen_LANIT,idd-aw,pspnet_r50,0.38,40000,68.59091592125596,97.50870493990455,95.42615599563364,2928,20260104_215643,68.39297738404078,70.28735324090192,59.96685537895292,65.23228125237873,61.828122653507165,61.07651882964073,52.79013475270066,77.9007218077,False
gen_LANIT,idd-aw,pspnet_r50,0.38,50000,70.88530548674687,97.87463841927173,96.10067828150784,2928,20260104_215946,70.24320311318732,72.45946961941331,63.52888662519477,68.49184644239418,65.76650688114218,64.90958534253473,58.29818719528013,77.9007218077,False
gen_LANIT,idd-aw,pspnet_r50,0.38,60000,73.10891115854479,98.12749658421185,96.55545262818173,2928,20260104_220235,73.38129158446331,72.78601393927299,65.7438710141792,68.84362973231266,66.29519800880668,66.71699191809196,60.3307302266163,77.9007218077,False
gen_LANIT,idd-aw,pspnet_r50,0.38,70000,75.5791088890687,98.25748858744524,96.76753588736993,2928,20260104_220531,76.84271337575943,75.05370632627688,68.26408001048037,72.56235202876378,69.15927979367608,66.52132634453505,62.83580611019091,77.9007218077,False
gen_LANIT,idd-aw,pspnet_r50,0.38,80000,77.9007218077,98.33200078880571,96.88674996505064,2928,20260104_220829,78.91250380537615,76.31123857987473,68.28529242386323,75.32606268436197,70.03529932211498,67.37496316650679,64.5228826275928,77.9007218077,True
gen_LANIT,idd-aw,pspnet_r50,0.62,10000,51.59432675177518,94.02124352457207,89.5225749044664,2928,20260104_214740,52.768546380002675,49.341990971723206,30.402036725665948,36.275374406529494,32.124072854388544,37.201905190406464,35.49746038738688,75.06480335042379,False
gen_LANIT,idd-aw,pspnet_r50,0.62,20000,63.890883658587384,96.77773864515495,94.24059228163509,2928,20260104_215046,63.87785800451733,65.99036761964179,52.21497954114405,58.59324841275204,56.04332364239306,54.24340195347415,40.175876811519,75.06480335042379,False
gen_LANIT,idd-aw,pspnet_r50,0.62,30000,65.66509098256567,97.2469415972636,95.01767267584326,2928,20260104_215338,66.16940152435082,65.88359836917891,56.75667810603328,55.82831912934968,54.35235394143801,58.19904673847206,45.56775620584194,75.06480335042379,False
gen_LANIT,idd-aw,pspnet_r50,0.62,40000,66.72353242163447,97.22444548999883,94.94390957541931,2928,20260104_215636,66.9681171138681,67.5166269128239,57.32263743898647,60.19948176231252,58.47303548239411,58.12193915803625,45.83430440934519,75.06480335042379,False
gen_LANIT,idd-aw,pspnet_r50,0.62,50000,70.17912199802203,97.80365140275292,95.97434701921775,2928,20260104_215925,69.99255551777823,69.9316656071945,63.467245174961505,64.88183235183472,64.26993619989487,63.07075338799096,56.61972672171507,75.06480335042379,False
gen_LANIT,idd-aw,pspnet_r50,0.62,60000,71.03108851460075,97.96613728333303,96.25043511882106,2928,20260104_220215,70.75989730558486,71.17221602006832,62.56763034810899,67.8945449257338,62.38430112213382,63.996495333871216,58.7619175034603,75.06480335042379,False
gen_LANIT,idd-aw,pspnet_r50,0.62,70000,73.12163303438277,98.20098166876393,96.67234203748522,2928,20260104_220510,73.17348330487002,74.21597546238512,65.39709100661315,71.86477312873672,67.14307358649457,64.39024832921447,60.30889281867844,75.06480335042379,False
gen_LANIT,idd-aw,pspnet_r50,0.62,80000,75.06480335042379,98.30087490109626,96.83255566622317,2928,20260104_220759,75.94048944076545,74.92342464373252,67.0965575343416,72.97723992817801,69.5426849733677,67.24222351094637,59.546290047511455,75.06480335042379,True
gen_LANIT,idd-aw,pspnet_r50,0.75,10000,59.95908179799825,96.21846629568674,93.17427859356215,2928,20260104_212406,59.78533677402967,64.4196031634691,45.88570526698468,58.37497794508827,48.34220250315926,46.78424638689697,39.52492793273689,75.28973613014328,False
gen_LANIT,idd-aw,pspnet_r50,0.75,20000,65.16112360935178,97.04323609469398,94.66939801051404,2928,20260104_212704,64.74181436956772,67.78076959949921,56.33785142459011,63.377749509414016,57.25329635189309,57.17499623934705,45.463990890043426,75.28973613014328,False
gen_LANIT,idd-aw,pspnet_r50,0.75,30000,67.59018827180553,97.47054417673127,95.40577794238774,2928,20260104_213005,67.68280957582893,68.2611196649787,57.82240616063652,61.555724952335275,57.75162414687627,59.48100742535299,51.38959267593373,75.28973613014328,False
gen_LANIT,idd-aw,pspnet_r50,0.75,40000,67.58269077766481,97.37969057193988,95.19691358893877,2928,20260104_213256,67.39027704373393,70.22436678633422,57.29256944481863,66.02802745091903,60.279487607493245,59.03844308426135,48.84348188141925,75.28973613014328,False
gen_LANIT,idd-aw,pspnet_r50,0.75,50000,70.74045240979969,97.87879936692619,96.10218681736988,2928,20260104_213555,70.40956139021532,72.03953716528075,61.788681466173735,69.65134465391878,63.7108073030769,63.11748606079743,55.6929598665279,75.28973613014328,False
gen_LANIT,idd-aw,pspnet_r50,0.75,60000,70.9534641493482,97.94566642050017,96.24237365459975,2928,20260104_213851,70.56574716303037,72.13104449038191,63.89904401783517,68.67787389455708,63.24501733446163,63.95406201384846,53.577671511042816,75.28973613014328,False
gen_LANIT,idd-aw,pspnet_r50,0.75,70000,72.33224103006073,98.05197276026246,96.42754015096577,2928,20260104_214159,72.67023616960803,73.89916519808784,64.24016692450162,71.74036478501907,65.4588725369448,64.21862625146166,56.971932794786895,75.28973613014328,False
gen_LANIT,idd-aw,pspnet_r50,0.75,80000,75.28973613014328,98.28111877161429,96.79560452256038,2928,20260104_214452,75.88712786821684,75.34602267340644,65.88031747495054,74.93368328962966,68.3733647652426,66.54042592490835,58.76364018650663,75.28973613014328,True
gen_LANIT,idd-aw,pspnet_r50,0.88,10000,59.90689750558763,96.1719891351534,93.20829780449564,2928,20260104_212345,60.007555779855856,62.51186212248025,45.08304867222191,55.24955887892686,49.714115748987254,47.48090652370285,42.432044547836114,77.53802572481263,False
gen_LANIT,idd-aw,pspnet_r50,0.88,20000,66.03169121820889,97.16252808983289,94.885051386754,2928,20260104_212651,65.56095906198384,68.99121820780604,55.75867364500422,65.53398631531195,58.15043790027248,57.23382297964462,47.77359107886047,77.53802572481263,False
gen_LANIT,idd-aw,pspnet_r50,0.88,30000,68.25207625888082,97.51263147501245,95.43705856295877,2928,20260104_212949,67.92380067143002,71.04002993314327,58.18479382712081,65.93945200764072,60.24550541847289,58.74372102238912,52.410360169759485,77.53802572481263,False
gen_LANIT,idd-aw,pspnet_r50,0.88,40000,68.21088472104921,97.46229875289276,95.33939212292573,2928,20260104_213243,67.72402188282148,70.80051290044236,58.05560891502287,67.7388364020046,60.660723601225456,60.44902820952225,52.66015754645353,77.53802572481263,False
gen_LANIT,idd-aw,pspnet_r50,0.88,50000,71.33423541347956,97.96892824209607,96.26189300875477,2928,20260104_213543,70.80810448387714,72.62420858307527,62.608496895368546,69.5133317906722,65.0746058429008,62.66639052907866,59.29089229046449,77.53802572481263,False
gen_LANIT,idd-aw,pspnet_r50,0.88,60000,72.37967685998147,98.05091465501508,96.40717594157867,2928,20260104_213846,72.46126461073649,73.35290295053942,63.940010160316184,69.87982148829377,65.57783328818823,64.5338464446725,59.93230165404435,77.53802572481263,False
gen_LANIT,idd-aw,pspnet_r50,0.88,70000,74.36091376726023,98.27559683171201,96.79877698603913,2928,20260104_214143,74.84175160733434,75.7362502942734,65.20738175617467,74.3831345060143,68.23604670313883,66.01971156511661,61.41945217000786,77.53802572481263,False
gen_LANIT,idd-aw,pspnet_r50,0.88,80000,77.53802572481263,98.39292206060225,96.99560825854792,2928,20260104_214443,77.66707247246458,77.4295031610569,66.46093689783831,74.90741123718954,70.07159246050563,68.18875728354405,65.07253782689864,77.53802572481263,True
gen_LANIT,idd-aw,segformer_mit-b5,0.0,10000,76.65221996889643,98.09541505302909,96.43892188304184,2928,20260104_212330,74.34932786471668,73.67111762416073,62.267615716328976,72.69330224157584,65.49275234454146,67.22204889642812,70.56303140124207,85.28920988868207,False
gen_LANIT,idd-aw,segformer_mit-b5,0.0,20000,82.97975803484756,98.50607484612678,97.22575396098082,2928,20260104_213501,81.29986510070867,80.34156635875976,69.70900638747817,79.93105292407586,76.46951224984623,71.37798927181231,79.25395401112803,85.28920988868207,False
gen_LANIT,idd-aw,segformer_mit-b5,0.0,30000,83.3380208246361,98.61874731084701,97.41760864470788,2928,20260104_214542,82.05379797944836,80.87706781073253,71.77268052064325,83.00549462325218,80.44590867770889,71.95809113614659,76.59919616783013,85.28920988868207,False
gen_LANIT,idd-aw,segformer_mit-b5,0.0,40000,82.91355991823978,98.65586146448415,97.4861303111217,2928,20260104_215635,80.76749534979439,79.8854957371513,72.99537692908919,84.54237344822677,78.94628063550101,73.88974808384464,76.64477066818968,85.28920988868207,False
gen_LANIT,idd-aw,segformer_mit-b5,0.0,50000,84.28393195616046,98.72297342668884,97.59838964243312,2928,20260104_220740,82.29481580325893,81.51671940870295,73.74215482900892,87.41651001100281,79.56015150740359,73.25235004876112,79.27340759255277,85.28920988868207,False
gen_LANIT,idd-aw,segformer_mit-b5,0.0,60000,85.28153521753413,98.75070608032908,97.65097403694645,2928,20260104_221819,82.90739541228514,83.15379181686399,74.06048587508552,87.76652112359795,79.97428925970567,73.83883467785594,80.95563886637981,85.28920988868207,False
gen_LANIT,idd-aw,segformer_mit-b5,0.0,70000,85.2073303210131,98.73181112956284,97.6175430531872,2928,20260104_222854,82.383691603392,82.88266406575629,73.39249310716495,87.93108244917029,79.4849576000573,74.35412738344482,80.35526326023971,85.28920988868207,False
gen_LANIT,idd-aw,segformer_mit-b5,0.0,80000,85.28920988868207,98.7754488494205,97.69459901574291,2928,20260104_223932,82.54701910525247,83.24146092739106,73.63250561297987,89.94902065949364,80.6380126960159,75.25954049216463,81.38935851138037,85.28920988868207,True
gen_LANIT,idd-aw,segformer_mit-b5,0.25,10000,77.3202040223634,98.26742488046271,96.79326458574289,2928,20260104_205557,75.88170400590421,76.05427947418511,65.04187105990276,72.39718395466802,68.14957249343583,66.9283384551905,72.01987623409775,84.3709898156378,False
gen_LANIT,idd-aw,segformer_mit-b5,0.25,20000,82.47247384959952,98.48457236816375,97.18707663892184,2928,20260104_210709,80.51824670172022,79.39679122489025,71.38410059013844,78.32444380313481,75.9968715363803,69.92887429188355,79.94173105939592,84.3709898156378,False
gen_LANIT,idd-aw,segformer_mit-b5,0.25,30000,83.14499493540276,98.61814653498146,97.41358227432936,2928,20260104_211824,81.14954559205684,80.6820824449081,72.0779515333151,80.47426529331246,81.11132010409763,72.17103227555343,76.30895318784971,84.3709898156378,False
gen_LANIT,idd-aw,segformer_mit-b5,0.25,40000,82.5644328169804,98.67325347595946,97.50172693547748,2928,20260104_213006,80.90697928604344,81.94753100638043,73.575064574262,86.11679034393018,81.45341865517129,73.5801654363144,77.11243019848766,84.3709898156378,False
gen_LANIT,idd-aw,segformer_mit-b5,0.25,50000,83.20502635273374,98.69140870269824,97.54055114348887,2928,20260104_214127,81.36065632686379,80.76042387834211,72.66290006559076,86.96041614084807,81.11880882964752,72.28213043274816,78.24940500458631,84.3709898156378,False
gen_LANIT,idd-aw,segformer_mit-b5,0.25,60000,83.99449635974409,98.72988284895612,97.61700315203517,2928,20260104_215219,81.84221401792033,81.85484016964534,73.16696727701236,89.23809541688539,80.22103423562756,73.09441224633044,77.28285265170453,84.3709898156378,False
gen_LANIT,idd-aw,segformer_mit-b5,0.25,70000,84.32514759498486,98.69245581204792,97.55047151460447,2928,20260104_220422,81.65157254127257,81.24675432701716,73.51960534416013,85.59513378104309,79.78701990868146,74.01050969786571,75.88172026038468,84.3709898156378,False
gen_LANIT,idd-aw,segformer_mit-b5,0.25,80000,84.3709898156378,98.74872332004738,97.64497469367718,2928,20260104_221626,81.68874009811856,82.56916416252649,73.97925372977178,90.46928595796874,80.30650559157196,74.19410257958012,78.80629238930221,84.3709898156378,True
gen_LANIT,idd-aw,segformer_mit-b5,0.38,10000,79.09638556386471,98.32824019179046,96.89652386992331,2928,20260104_205154,77.85729636780349,76.27092943659643,65.0951560029424,73.95255272906331,68.8304244155308,67.1090611868314,72.31993631618619,85.42914161766232,False
gen_LANIT,idd-aw,segformer_mit-b5,0.38,20000,83.25776326990078,98.49858064202698,97.21188484816903,2928,20260104_210603,80.77742805813946,78.94112677775024,71.24907062006712,79.20002347023907,75.96284927253174,71.73089019140949,80.61441482449283,85.42914161766232,False
gen_LANIT,idd-aw,segformer_mit-b5,0.38,30000,83.11903954694921,98.62300672176728,97.42569476098092,2928,20260104_211920,81.168073844022,81.25007048204968,72.54387437674409,81.31840976278309,79.63680438869507,72.44941380383092,76.73731963066176,85.42914161766232,False
gen_LANIT,idd-aw,segformer_mit-b5,0.38,40000,84.11275890218961,98.66635105108162,97.49944380617023,2928,20260104_213204,81.98845661638518,81.07437714662322,73.06303062416671,83.24494822932974,76.39516712435325,73.61373244727334,78.68588587702261,85.42914161766232,False
gen_LANIT,idd-aw,segformer_mit-b5,0.38,50000,84.65292792596908,98.69573059031002,97.54895715636238,2928,20260104_214451,81.43584631344964,81.57708690425261,72.08980272876937,86.26457853984395,79.23378862985457,72.94633009967215,77.87074980626343,85.42914161766232,False
gen_LANIT,idd-aw,segformer_mit-b5,0.38,60000,85.08327587056601,98.7183871377186,97.59618822660457,2928,20260104_215737,82.81922764709404,82.18205140587696,72.6852169821173,86.79587818246472,79.46111406101286,74.16324110192085,79.92082857451607,85.42914161766232,False
gen_LANIT,idd-aw,segformer_mit-b5,0.38,70000,84.91853895443755,98.66326120382638,97.50864733140858,2928,20260104_221144,82.98694431121191,79.45703735255378,73.09020112754997,83.79014624367115,79.24152631066612,74.21653881693953,76.24459025438861,85.42914161766232,False
gen_LANIT,idd-aw,segformer_mit-b5,0.38,80000,85.42914161766232,98.75416229090332,97.6572307204475,2928,20260104_222433,82.9419055656513,83.1731042512156,73.66046529198368,90.17235519338935,80.43840350020935,74.77820681088062,79.29438772753576,85.42914161766232,True
gen_LANIT,idd-aw,segformer_mit-b5,0.62,10000,77.25960071651146,98.18987331301375,96.65942139289697,2928,20260104_205006,77.36619067822818,75.42133595339833,63.69877352594775,72.8927434954939,69.19949426663918,67.25255749425791,65.91760710040714,85.15354865862608,False
gen_LANIT,idd-aw,segformer_mit-b5,0.62,20000,82.63239829577236,98.47759347181551,97.17102027929083,2928,20260104_205424,79.93593194582687,79.94505187698547,71.57476434859035,81.86061261482573,77.62533250778975,69.13836733513644,80.31557230334124,85.15354865862608,False
gen_LANIT,idd-aw,segformer_mit-b5,0.62,30000,82.81111464521136,98.60307865643026,97.38931374238908,2928,20260104_205833,80.65366425322433,80.26854203568186,71.38016435647886,83.92171586596537,79.97606655689815,71.90803686712377,77.6150339197754,85.15354865862608,False
gen_LANIT,idd-aw,segformer_mit-b5,0.62,40000,83.2908509128537,98.68514104100613,97.53111733997075,2928,20260104_210249,80.90266325587254,82.58391114330111,72.38224455812514,86.28207173533167,80.30035808550564,73.06642427381122,79.40878818599857,85.15354865862608,False
gen_LANIT,idd-aw,segformer_mit-b5,0.62,50000,84.20574832191441,98.69025513306623,97.54093268075454,2928,20260104_210714,81.80291104402686,82.3671200334255,72.99318431948645,87.8519870063106,78.47884834889244,72.50427353200814,77.73768674216753,85.15354865862608,False
gen_LANIT,idd-aw,segformer_mit-b5,0.62,60000,85.02757343880648,98.72096967423877,97.60457008040248,2928,20260104_211118,83.18433867254016,83.09366446027802,72.75743668325504,87.78113601920147,79.4426255923166,74.63693727981975,76.96928719208097,85.15354865862608,False
gen_LANIT,idd-aw,segformer_mit-b5,0.62,70000,84.52618744811387,98.72226269184624,97.60128609219812,2928,20260104_211540,82.64013897667589,82.41829527804562,72.72571898770094,87.96909999383998,80.00059208077694,74.23328611226195,78.53055655940624,85.15354865862608,False
gen_LANIT,idd-aw,segformer_mit-b5,0.62,80000,85.15354865862608,98.75275481599702,97.6561551816047,2928,20260104_211947,83.30505290613061,83.25122698906382,73.06551151978111,89.72120564444097,80.08156921944459,75.93145648705493,77.85298239583457,85.15354865862608,True
gen_LANIT,idd-aw,segformer_mit-b5,0.75,10000,79.74811131540369,98.3197228693905,96.87977131036763,2928,20260104_204928,78.19151119798168,76.59063573978148,64.39204091945594,72.39295204337502,68.60579481387231,66.74954913270706,74.36911307423648,84.77620441405125,False
gen_LANIT,idd-aw,segformer_mit-b5,0.75,20000,83.41008641252273,98.54882589677855,97.296017832498,2928,20260104_205358,81.0616416753623,80.56491721829354,70.71111938482439,80.41694202009997,77.5830403514184,70.97432658757386,79.66285765864897,84.77620441405125,False
gen_LANIT,idd-aw,segformer_mit-b5,0.75,30000,83.33443184482934,98.6261540475787,97.42946601828368,2928,20260104_205813,82.43952876892354,80.62624755335386,71.91304519683008,81.33974797641773,78.18871302270662,71.87069566420878,78.35609757053382,84.77620441405125,False
gen_LANIT,idd-aw,segformer_mit-b5,0.75,40000,82.50727320734799,98.65995793619295,97.48608768646282,2928,20260104_210240,80.90148647689632,81.93642471371376,72.8094911104966,84.39258067762259,78.70909184893571,71.53160682774258,76.48824686576418,84.77620441405125,False
gen_LANIT,idd-aw,segformer_mit-b5,0.75,50000,84.30453278326611,98.68269095507193,97.52231130281126,2928,20260104_210645,81.6724303600016,81.72720310786188,73.01178605993326,85.92873421498973,78.46683082542063,74.03381206906727,81.27870221744932,84.77620441405125,False
gen_LANIT,idd-aw,segformer_mit-b5,0.75,60000,84.46977142039282,98.70876722666692,97.57626623747056,2928,20260104_211056,81.96294933903249,82.15549527450506,73.98659700647714,86.06906739797762,79.16038941061726,72.43935993373869,81.30676287424589,84.77620441405125,False
gen_LANIT,idd-aw,segformer_mit-b5,0.75,70000,84.59148979917197,98.74908268597693,97.64871012682701,2928,20260104_211511,81.72509986583503,82.67355179380722,74.27860539346143,89.60616669785718,79.59867208035281,73.80818749332744,82.59715308777541,84.77620441405125,False
gen_LANIT,idd-aw,segformer_mit-b5,0.75,80000,84.77620441405125,98.76363775584423,97.67270104267907,2928,20260104_211923,82.18459206614021,82.95895279199041,74.42982471497434,89.71382568467276,79.9136033706334,74.35142566248561,81.7759003097039,84.77620441405125,True
gen_LANIT,idd-aw,segformer_mit-b5,0.88,10000,76.54686091432744,98.1234216044849,96.54907983629327,2928,20260104_204921,74.9541795128817,74.00269871323076,62.3728273418737,71.91363975225349,67.10233842376387,67.88253187553937,69.54039635540742,84.46933417151052,False
gen_LANIT,idd-aw,segformer_mit-b5,0.88,20000,81.87231628346812,98.42790650877924,97.08343170093028,2928,20260104_210247,79.62855387602552,78.53258243894896,69.95328643282234,77.21734673320942,73.8477371373755,70.54640519012601,73.1339764953162,84.46933417151052,False
gen_LANIT,idd-aw,segformer_mit-b5,0.88,30000,83.41159814518679,98.59927257638357,97.38027249698509,2928,20260104_211616,81.04018719603232,81.23566927856078,71.44481370140625,84.98901820016991,81.5095667245456,71.49004027452646,78.78560302965938,84.46933417151052,False
gen_LANIT,idd-aw,segformer_mit-b5,0.88,40000,81.15241114934156,98.61419800807813,97.403806714014,2928,20260104_212915,81.24280724277313,81.3524467534771,73.39178220378926,84.53379958105944,78.63496246546283,71.80040946023696,69.07372121591808,84.46933417151052,False
gen_LANIT,idd-aw,segformer_mit-b5,0.88,50000,84.46539624696115,98.70410196715859,97.56300555258935,2928,20260104_214215,81.53304112348778,82.30547165339969,73.65945025697609,86.12106432683984,80.87406346870519,71.72872621612339,78.5240331776485,84.46933417151052,False
gen_LANIT,idd-aw,segformer_mit-b5,0.88,60000,83.34034238405462,98.7293945311353,97.61449854346216,2928,20260104_215505,82.3509583162825,82.59420631796519,73.19995601314716,87.13417216700356,80.85837323428862,74.73527662530634,76.7547902246925,84.46933417151052,False
gen_LANIT,idd-aw,segformer_mit-b5,0.88,70000,84.46933417151052,98.73601955950284,97.62559259736379,2928,20260104_220738,82.06979652152405,83.29038413898635,73.38998184447388,89.6021707835325,80.57516604506358,74.0037651274126,79.44122309745075,84.46933417151052,True
gen_LANIT,idd-aw,segformer_mit-b5,0.88,80000,83.82847185729986,98.75500797539958,97.6589997218428,2928,20260104_222035,81.98281134031036,82.4077253319918,73.93766288887737,89.17201554204837,80.98516088107395,74.6849317598497,78.47590628159536,84.46933417151052,False
